"","level1","Exp1_MH63_Rhizosphere_day1_logFC","Exp1_MH63_Rhizosphere_day1_p_values","Exp1_MH63_Rhizosphere_day3_logFC","Exp1_MH63_Rhizosphere_day3_p_values","Exp1_MH63_Rhizosphere_day5_logFC","Exp1_MH63_Rhizosphere_day5_p_values","Exp1_MH63_Rhizosphere_day7_logFC","Exp1_MH63_Rhizosphere_day7_p_values","Exp2_MH63_Rhizosphere_day2_logFC","Exp2_MH63_Rhizosphere_day2_p_values","Exp2_MH63_Rhizosphere_day3_logFC","Exp2_MH63_Rhizosphere_day3_p_values","Exp2_MH63_Rhizosphere_day4_logFC","Exp2_MH63_Rhizosphere_day4_p_values","Exp2_MH63_Rhizosphere_day5_logFC","Exp2_MH63_Rhizosphere_day5_p_values","Exp1_NIP_Rhizosphere_day1_logFC","Exp1_NIP_Rhizosphere_day1_p_values","Exp1_NIP_Rhizosphere_day3_logFC","Exp1_NIP_Rhizosphere_day3_p_values","Exp1_NIP_Rhizosphere_day5_logFC","Exp1_NIP_Rhizosphere_day5_p_values","Exp1_NIP_Rhizosphere_day7_logFC","Exp1_NIP_Rhizosphere_day7_p_values","Exp2_NIP_Rhizosphere_day2_logFC","Exp2_NIP_Rhizosphere_day2_p_values","Exp2_NIP_Rhizosphere_day3_logFC","Exp2_NIP_Rhizosphere_day3_p_values","Exp2_NIP_Rhizosphere_day4_logFC","Exp2_NIP_Rhizosphere_day4_p_values","Exp2_NIP_Rhizosphere_day5_logFC","Exp2_NIP_Rhizosphere_day5_p_values","level2","level3"
"WaitData.1","Methane metabolism","-0.0449248088941295","0.79399182711209","-0.00417467569244065","0.549868288989831","-0.0147456140703994","0.852446799504814","-0.0129375256661486","0.927810281406853","-0.0125900117470191","0.916855519586169","0.0243025722882162","0.836947010350354","0.00140048094493302","0.737334713654592","-0.0186764015352936","0.409612294139303","-0.00417952427619289","0.989516848895486","0.00156332341259025","0.896246876020862","-0.000120401543904232","0.739493903292633","-0.00672102635310831","0.876790200044329","-0.00855843982312702","0.886950452439459","0.00721694111688973","0.972924347125632","-0.0213041247907045","0.950978977502877","0.00485406857049747","0.997654634953892","Energy metabolism","Metabolism"
"WaitData.2","Inositol phosphate metabolism","0.0638814337882737","0.15287024700964","0.0101841969095747","0.614893618153825","0.0137349948312792","0.863557502906492","0.00516733037867081","0.779652337376518","0.0554547183064837","0.279741529417624","0.00349943312679995","0.905070416644186","-0.0267313617273135","0.124309686842384","0.00990572549654807","0.548004525510365","0.0115129801096822","0.37974505375187","0.00381733310970808","0.832216426459107","0.00466769381068616","0.711425956636558","0.0376899889828936","0.668489478925718","0.0386395989631113","0.470340962375125","-0.0297588162217839","0.20385297861082","0.0598506329442703","0.534430794176096","0.170229281614461","0.0949130298917098","Carbohydrate metabolism","Metabolism"
"WaitData.3","Glycosylphosphatidylinositol (GPI)-anchor biosynthesis","-0.629177994349694","0.146257664445228","-0.761912549957941","0.0268361450439288","-1.21148142570071","0.00965184164556353","-0.510068488545523","0.243598176903153","0.732089450668653","0.213040392084942","-0.659592142916797","0.324858986998143","-0.474696207940075","0.309004911218246","-0.0424437476736314","0.871821375826333","-0.138504513017806","0.784474993253936","0.189752885007031","0.516798300677855","-0.347878629712191","0.678767388771811","0.404458461471389","0.709982360441989","0.544667923325779","0.622104280667243","0.186125821157075","0.530538622985712","1.1531438454748","0.523143074316436","0.0107870001698272","0.844662257377619","Glycan biosynthesis and metabolism","Metabolism"
"WaitData.5","Phosphonate and phosphinate metabolism","0.344523605481236","0.107090445434842","-0.146986724345966","0.0227877546529466","-0.0461923803901736","0.438838680908126","0.044470659274421","0.180032578305586","0.100321589425193","0.230087212302316","-0.189296868663827","0.00687549552256448","-0.132264945189536","0.0764683902914106","0.0251734098847043","0.701458933452089","0.0155144141573159","0.696228058476189","0.0576000021477773","0.405405357453502","-0.0252938898942175","0.616270989961726","0.177091950510535","0.0867332829078864","0.0419072234702765","0.791453312179429","-0.143869886028541","0.263843173450609","0.177826413192472","0.0993893589129924","0.0603876904803976","0.776419458805489","Metabolism of other amino acids","Metabolism"
"WaitData.13","Lysine degradation","-0.00789269398931449","0.974410272721864","-0.107805981480932","0.00285590621401152","0.0347816499104003","0.725984356538362","-0.0312745740871047","0.781357974692801","0.11870943880398","0.0868021829091221","-0.0465429353243665","0.107103909932064","-0.034542287441244","0.139045634731814","0.0515778079201996","0.111048311790472","-0.00974874711485122","0.759526029576783","-0.0220548461749355","0.72850731281977","-0.0977172623487212","0.0678857264267278","-0.0469381636466509","0.574635466310901","0.035936727725422","0.31811203097449","0.0136526313623951","0.383629057517372","0.0848042355186418","0.271951507726685","0.0115025016357961","0.925543641004493","Amino acid metabolism","Metabolism"
"WaitData.15","Glycosphingolipid biosynthesis - ganglio series","0.0989518244116881","0.59565170117025","0.0950644885081099","0.78847397884555","0.105306710047588","0.48633799613511","-0.381580502319011","0.173161967309604","-0.146220949861756","0.234562934300166","0.0286702081832134","0.540504361203225","0.252843682127177","0.0016846962529012","0.321867851885751","0.00386736284210135","0.0682840636447229","0.793801970523969","-0.00148053023047212","0.927039434545123","0.0720116162215926","0.542533679212115","-0.199179331959424","0.188430049604953","0.199490679756325","0.518608106904733","-0.112760524994003","0.087180388492982","0.331430858852987","0.0141566227208568","0.0974174818778115","0.454769346149009","Glycan biosynthesis and metabolism","Metabolism"
"WaitData.17","Various types of N-glycan biosynthesis","-0.256730630456612","0.453351192618809","0.0347162629881171","0.995311508471136","0.125695686328552","0.688151555898537","0.464066277629196","0.220622110390745","-0.220036947887523","0.397709182436317","-0.0137424288941992","0.853211779249081","-0.0206788866390777","0.690046778703202","-0.128153727217826","0.666389220474305","-0.119251700225634","0.416201352550941","-0.170193765087538","0.304105843253499","-0.320179111868953","0.011395054049982","-0.756596194819091","0.0780027569211768","-0.15148914205857","0.275050175886771","-0.104685025548894","0.485763746143219","0.0398830735842647","0.700630230919832","-0.122791057574037","0.70258824377137","Glycan biosynthesis and metabolism","Metabolism"
"WaitData.20","Biosynthesis of ansamycins","-0.0528498767628255","0.725986705928139","-0.00438832132050835","0.668790180092246","-0.0603591857950254","0.565113102488982","-0.0812105015207416","0.594573460298776","-0.0675066621149266","0.615290546468841","0.0733958091493089","0.453154456060051","-0.000144106970758748","0.699207000748824","-0.0378996911848617","0.331146028343391","-0.0101145856070246","0.894980313672054","-0.0193458853517901","0.661442577749656","0.0297200398094704","0.924018330500898","-0.000214081646900978","0.954914081547991","0.0355509098897123","0.794486814279732","-0.0481844997941419","0.554699235546824","-0.0419477338149702","0.857225184406445","0.0534114196703048","0.272030094557233","Metabolism of terpenoids and polyketides","Metabolism"
"WaitData.21","Ether lipid metabolism","-0.187679997521693","0.00469392661205904","-0.0651104957853921","0.407539974410688","-0.0978057376791728","0.572034274037194","-0.0938766675167674","0.634903429761665","0.313692930528912","0.017815214777811","0.00552683682511372","0.975439490514336","-0.189559356121161","0.0352514649702791","0.0742672899778459","0.614510133595574","-0.132363493777604","0.480938716060481","0.0958633201373158","0.67419892299995","0.0799621223545013","0.673299211191998","0.35154508012098","0.297416769861039","0.355435670691913","0.249980440869972","0.0214022490096923","0.886358275832008","0.139191325497638","0.716649727959376","0.140433847602972","0.88277972757421","Lipid metabolism","Metabolism"
"WaitData.24","Brassinosteroid biosynthesis","0.554446200596783","0.618442875416543","-1.19570167779652","0.196490588312606","0.651425183037357","0.54569713648928","0.439308837780212","0.696153372250523","1.03873924590079","0.334141301138288","-0.102238833635798","0.850925626854407","-0.939321476549845","0.00644840643631763","0.42710493258681","0.00344458278331172","-0.00904556003716251","0.744103149371168","0.377031702421494","0.53030430396285","-0.724134235368185","0.411506440293471","2.72297591585632","0.0341358973367366","0.122973645978272","0.734287353118076","0.720650383397088","0.0406581546846352","0.0786357578894385","0.757077821971635","-0.6342956083826","0.0183127431791871","Metabolism of terpenoids and polyketides","Metabolism"
"WaitData.25","Other types of O-glycan biosynthesis","Inf","0.220934660670962","-Inf","0.131899892878995","-0.220366574751527","0.717545729339163","0.0921888037353804","0.653482733866418","-1.11346832362385","0.796038019064524","-Inf","0.00126944945923631","0.50619187562308","0.9901484277882","-0.0731761033276852","0.881607131307561","-1.49961751602769","0.973513542532084","Inf","0.0828016326758337","-Inf","0.260792794342301","Inf","0.759917837224366","-1.24066238007193","0.860635461872721","-2.02171737471005","0.110569563010576","-0.724206748508854","0.953203881244126",NA,NA,"Glycan biosynthesis and metabolism","Metabolism"
"WaitData.26","Glycine, serine and threonine metabolism","0.00321206806393519","0.841168797174399","-0.0157880113077028","0.422395383173282","9.73947782683824e-05","0.997403591737096","-0.0356773506344405","0.887566535753141","0.019727603779608","0.55333085844688","-0.00548132684713101","0.725137071289732","-0.00248668175055221","0.601730267351753","0.0114041488547175","0.0549016935884503","-0.0158472563679569","0.754623401259046","-0.0170932686903738","0.539216086838982","0.0105749055612501","0.842503333878399","-0.00964597900478782","0.871939264132487","0.025918422682979","0.551998928337236","-0.00207020971251351","0.777784307200923","0.00690555762525978","0.827665427443221","0.0285294380602494","0.565127533295156","Amino acid metabolism","Metabolism"
"WaitData.30","alpha-Linolenic acid metabolism","0.117809254822599","0.218979725761565","-0.00109729622103266","0.440567182137431","0.0937044219708106","0.465849861174415","0.101178350952098","0.121464339396358","0.159791300986083","0.042107244879112","-0.061514127495111","0.0289459854348202","0.00103289108859046","0.673484761625271","0.100116350611207","0.129212653795958","-0.0171225369801494","0.803389328014437","-0.00809833665411449","0.964997735299718","-0.0713899008863482","0.228730438185409","0.0281257561740229","0.816956757858905","-0.00816131510825067","0.796178255367577","0.019237879984436","0.657049206663062","0.022626157749906","0.538701422923177","0.0574689070176352","0.611343053430477","Lipid metabolism","Metabolism"
"WaitData.31","Linoleic acid metabolism","-0.12337524346103","0.349281156398533","-0.313822462067898","0.0255841853583594","-0.0212637441691291","0.831749809103922","-0.118661374786265","0.311005189785085","0.12848789775824","0.214289870122584","-0.116324182273204","0.0802256244380971","-0.113553975002514","0.214161205675626","0.0857645022731905","0.341408549453616","-0.0920492024441293","0.168467347483633","-0.0706042416124111","0.398649731615462","-0.214447577036498","0.00730175418147636","-0.0927473155436491","0.403074944984991","0.0360291384905923","0.864963416986611","-0.20081835435353","0.186194736101769","0.2062954408661","0.0147690746177462","-0.207848713181708","0.501147916913468","Lipid metabolism","Metabolism"
"WaitData.33","Fatty acid elongation","-0.118523237328547","0.673420753562977","0.206484891400327","0.147315909531163","0.252359952751397","0.368249913726967","0.0734079811707788","0.622319840277881","0.170885083580625","0.154908823352222","0.10988587861901","0.1842606540055","0.154400999480823","0.15288610370596","0.371437352583186","0.00822939381370744","-0.365429485181577","0.379001626125937","-0.408086090367224","0.0906304384005682","0.0911934500167219","0.71407387802768","-0.250163732150898","0.360185994407302","-0.253352986398714","0.0707743638881414","0.0195211016447209","0.886554223712088","-0.165540913597911","0.0856428556558","-0.468583541970627","0.0462668381060727","Lipid metabolism","Metabolism"
"WaitData.35","Bacterial secretion system","-0.00597202756449847","0.955656541939292","0.0121685982190734","0.50496671414164","0.0448305972250123","0.652515791930597","0.0497487685248997","0.449918318115774","0.00192570253484496","0.767399185604284","-0.0332666788111752","0.371992133101965","0.0103536093716132","0.978858581890709","0.00857295279290456","0.496057393460217","-0.0166159286406055","0.556482873492511","0.0232170973915952","0.585939570321641","-0.00919539746399606","0.64446329672448","0.0210088899135136","0.846597526192587","-0.0158475661268713","0.654566161245621","-0.000974916453962348","0.876541418927541","0.0248900462471192","0.703136689655568","-0.0560033005378298","0.426220646744461","Membrane transport","Environmental Information Processing"
"WaitData.37","VEGF signaling pathway","-0.165187719708977","0.871865372935318","0.151766708230411","0.734745897360342","-0.502324111145131","0.163991344468709","0.0868727104107965","0.628556298406065","0.619331258101157","0.169593113739075","-0.042035314796079","0.709357300638075","-0.433009185086318","0.379792068098332","0.667960000854803","0.0155519777395448","-0.200390245345056","0.364859936202784","-0.66832266616734","0.159289802610999","0.949379002216325","0.119496745403142","1.3809017262199","0.039591819431864","-0.0815605717691471","0.950511315582556","0.0839157022799026","0.976323459385598","-0.514560016214437","0.143180977475695","0.628027764963953","0.197378832774331","Signal transduction","Environmental Information Processing"
"WaitData.38","Tryptophan metabolism","-0.000536485825578482","0.890757466096705","-0.13321237114653","0.0105738647872252","0.0427433024356802","0.704205161635424","-0.0158748812293461","0.98689301595509","0.167771851716478","0.0346065534998895","-0.0691440685900511","0.0256986701590404","-0.0677114310950764","0.0558844861560091","0.058961039942807","0.219655338009559","-0.0170840175086228","0.790713379574349","-0.0222774207808953","0.785287325983915","-0.115181446288595","0.0266404389279278","-0.0173073365754369","0.815004497814464","0.0541434576086273","0.333081885821487","-0.00792209073802602","0.633759755360597","0.116017060137629","0.170034669908003","0.0168195517719815","0.892097899748286","Amino acid metabolism","Metabolism"
"WaitData.41","Polycyclic aromatic hydrocarbon degradation","-0.262031956945217","0.333311998534589","-0.705408809451481","0.0160779987485984","0.0815056326150232","0.774284269700113","-0.172806502783679","0.512160670375665","0.166059012480872","0.3457237886862","-0.256483268689968","0.00493871247401908","-0.162836249857359","0.0825852520464502","0.0352004459024063","0.91303567879047","-0.00184935320277097","0.972291703650844","-0.142640816727595","0.275303860245018","-0.438128074212193","0.016869444847926","-0.205049934948092","0.196979657017185","-0.0197402171469931","0.822018630345652","-0.103646293199084","0.541608745716548","0.341521473864957","0.000338068963099818","-0.0780051935360408","0.861911515219092","Xenobiotics biodegradation and metabolism","Metabolism"
"WaitData.44","Dioxin degradation","0.08431684610463","0.547025869015464","-0.135371499379163","0.0567852052328131","0.0505436659238171","0.762789394783181","0.120188608321466","0.201087643999244","0.144561240832394","0.214172813463239","-0.152360991607097","0.0387194170448188","-0.165774721522931","0.0629180464430045","0.0418535625328518","0.667838613542107","0.142776184082194","0.0814059354351742","0.0664753735191249","0.433982946523574","-0.237553457101449","0.00150308840620067","-0.0420168332649079","0.58802379081476","0.0394217566959573","0.793397278772488","-0.0727841646147146","0.0619461737996926","0.24639171932589","0.0217062598685202","0.000844755890386175","0.979413411889405","Xenobiotics biodegradation and metabolism","Metabolism"
"WaitData.45","Pyruvate metabolism","-0.00350926151669611","0.908167056795782","-0.0181074366386996","0.34070173983956","-0.0124488321964147","0.865496541909517","-0.00632907121747342","0.878370888167471","0.0156836908907886","0.587786503784068","0.00335862336790951","0.89023882568917","-0.011440482342669","0.37036252812496","-0.0031724777648913","0.865171380054854","-0.00303630199232863","0.970937681949017","-0.0138435095916974","0.715145776903133","-0.0138204154381625","0.60700288158851","-0.0180355731456133","0.787416006319533","0.00658773761286743","0.927157528484737","0.00547742933235607","0.944663287854862","-0.0118925026663547","0.981794545683688","0.0289288541665953","0.57660317143631","Carbohydrate metabolism","Metabolism"
"WaitData.46","Toluene degradation","0.000105426217728654","0.888371028674522","-0.0346857936439528","0.0857899237634298","0.0418562165901592","0.653970922213143","0.0328159141442128","0.507771841409751","0.0906039512028874","0.140745510800079","-0.0717839420474616","0.0358528614283465","-0.0215541220563704","0.260942148081449","0.0293477714327505","0.184560902453676","0.00888293035532032","0.508656506111359","-0.000979744463229853","0.934092467185294","-0.0486719873128456","0.223341287593881","0.0120989134495308","0.925766805685282","0.0266620165715041","0.346576272469145","0.046027593647624","0.263019282730126","0.0590349053320053","0.392594240573711","0.00632325787807004","0.971174985047043","Xenobiotics biodegradation and metabolism","Metabolism"
"WaitData.47","Xylene degradation","-0.208349400070608","0.499554713253964","-0.498109158315265","0.00902794929054656","-0.0553183453748185","0.676490124077826","-0.0311425867617484","0.861152993943533","0.339205523541424","0.0901875318394522","-0.142431660777842","0.0794899801375614","-0.4127703131328","0.0173507966390115","0.0973452625073191","0.487407800855419","0.132541348201237","0.576254560124375","-0.0192538369440649","0.773635718717331","-0.333969718471524","0.151131574141591","-0.119629587206551","0.504638501534777","0.30894823616634","0.312490591728137","-0.164601245989649","0.117111918992401","0.303733476952653","0.170312262916675","0.157749170735839","0.538882979471091","Xenobiotics biodegradation and metabolism","Metabolism"
"WaitData.50","Flavonoid biosynthesis","-0.202254780562682","0.374289912870058","0.0374076343481334","0.894273749147109","0.141082961839844","0.453967285864328","0.0050093919782978","0.846372390659472","0.200471490986712","0.0834543867401637","-0.0295057202179435","0.59942597111591","0.0237155075609206","0.8323930068134","0.189339522944352","0.00457962231280835","-0.278086316285454","0.334968992995836","-0.301222997212832","0.026087911151726","0.099980612117887","0.633567675242791","-0.149530521108099","0.487119264377285","-0.0409879827948458","0.392037783167927","-0.010381314876826","0.971527062477741","-0.0276721195339015","0.883188668609089","-0.274211929785028","0.185511702119081","Biosynthesis of other secondary metabolites","Metabolism"
"WaitData.52","Isoflavonoid biosynthesis","0.174651121930319","0.942656906122623","0.266520547455701","0.798695694019979","0.728938654340066","0.209510714812106","0.54535458304022","0.084629739293523","-0.160844929358873","0.468607363427203","-0.106066804489999","0.508331582697695","0.140144496675184","0.274488471290724","0.37758562791184","0.00985918722399113","-0.177134830241674","0.523282085282804","0.30968895067553","0.414097929886528","-0.2391980474201","0.508397484001305","-0.300158974276472","0.0937737662787368","-0.260905943143931","0.553466661152141","-0.134483501039399","0.630714502125565","0.196949907757352","0.361365059893075","-0.558590542126799","0.00675344617323542","Biosynthesis of other secondary metabolites","Metabolism"
"WaitData.54","Stilbenoid, diarylheptanoid and gingerol biosynthesis","-0.338198487970354","0.236038337758471","-0.235010260211375","0.0173981149007446","0.138788168797883","0.50456750601507","-0.00294159756777431","0.900550963486413","0.35713196477666","0.0282568434737738","-0.0189602391501483","0.824204501054687","-0.0722353717078074","0.12904849283907","0.109088725877692","0.0947184028811205","-0.182938451430307","0.401660888862735","-0.305919931491905","0.0184641052222333","0.0871953652645245","0.470265910170653","-0.00475156816076211","0.986383384065054","-0.085366860195028","0.638530503445777","-0.0957065844916427","0.760755866397657","0.222342505606526","0.0385892674979595","-0.297224761265695","0.677716518148016","Biosynthesis of other secondary metabolites","Metabolism"
"WaitData.55","Biosynthesis of type II polyketide backbone","0.0417519542119769","0.690773158969121","0.249168980384563","0.576002849757607","-0.0418186163149512","0.938503016724049","-0.183214189934873","0.673560122551981","0.180802925504601","0.304036728805648","0.179431811683498","0.00667535153186311","0.197307661354859","0.0896454480986184","-0.101399022272633","0.572156037232317","0.0397477439265511","0.960189207854601","-0.118234957435318","0.927555613191378","0.370781050238996","0.00531059277965385","0.211032730267778","0.447737580158002","0.228238868742975","0.401665885939402","0.197057292285199","0.243941394952774","0.0324006848844365","0.813148733214997","0.403092685073407","0.106256116195477","Metabolism of terpenoids and polyketides","Metabolism"
"WaitData.56","Fatty acid degradation","-0.0274735584881723","0.760391896744489","-0.138416725039609","0.00246826289020858","0.0302370623388358","0.767482599189787","-0.0376375557169183","0.626045455311565","0.135463035292112","0.0662911711366696","-0.0412278786754209","0.147366702731813","-0.0537468230207517","0.0378019107394039","0.0539591004821305","0.136710679091246","-0.0299345321324138","0.462383025175294","-0.0502480065774082","0.378183428637751","-0.0977150993449529","0.0795247325317885","-0.044973380899153","0.589799776990031","0.0290036365439748","0.372750865517393","0.0176291016305522","0.584861775228289","0.0783512389577006","0.318473859251829","-0.00139345409966069","0.988496877285207","Lipid metabolism","Metabolism"
"WaitData.57","Synthesis and degradation of ketone bodies","-0.00831400302394621","0.9267337446882","-0.193704022420827","0.024827995756927","0.0185968532530127","0.887850088949681","-0.0108253062502527","0.96858720292654","0.214101114261557","0.0210979085586966","-0.0699000126537501","0.031756774174185","-0.0940559918795241","0.0288373897821244","0.0630855143920165","0.255545416794164","0.0032123356357524","0.988046599146884","-0.0660474001437995","0.464340919531047","-0.176696188045266","0.0170179732988095","-0.0487323804289538","0.592481023137817","0.0442621525476125","0.4716156563136","0.00809330922640067","0.837533677069379","0.0979317373356153","0.276760387861553","0.013919014973621","0.92540193195265","Lipid metabolism","Metabolism"
"WaitData.60","Glycosaminoglycan degradation","0.0407923290501901","0.81535416505799","-0.00979789378391223","0.771502285194257","0.0590975323129248","0.660926751393802","-0.38589495843503","0.131159278593436","-0.165940131169385","0.24005737755778","0.0135563285086359","0.835045538442624","0.211655291929847","0.00636310821120184","0.214677051093435","0.0108881937740949","0.0335969883966902","0.917710136806305","-0.0137553497915322","0.852265987070298","0.0736629730730358","0.517141945470948","-0.209339912340842","0.152807187759986","0.180152629512565","0.509288987713258","-0.0664740930847687","0.203743836017431","0.221890819340803","0.0225224718355535","0.0976206675972823","0.404913587823032","Glycan biosynthesis and metabolism","Metabolism"
"WaitData.61","Phenylalanine metabolism","0.000677692376410198","0.843333032771691","-0.109603001802715","0.00314852531588057","0.0271918219638515","0.799749302099022","-0.00428339271021519","0.744997826721043","0.112486661333346","0.0974717457872932","-0.0741945425265363","0.0484766483082102","-0.0627182680656817","0.0497218147427162","0.0466708441244955","0.208252850434155","-0.0094793514704884","0.790919999923771","-0.0342119072103521","0.57036716264004","-0.100564906274758","0.0505787886433193","-0.0235640959197313","0.753939262270401","0.0423207098789871","0.39180332873292","-0.00617380598358154","0.0235575596695902","0.115523782767287","0.22518737958137","-0.0093139847666613","0.895978877790515","Amino acid metabolism","Metabolism"
"WaitData.62","Nitrotoluene degradation","-0.169655223968903","0.352346695931113","-0.0661923599453738","0.244758620996383","-0.0992069916298396","0.377183763923884","-0.0273459723842445","0.973237848100707","-0.0223986130587271","0.990635990719771","0.0690591616984077","0.551546760238121","-0.0282457696117128","0.324198382106143","-0.106890684993025","0.227617153946393","-0.0171945270726444","0.853349525297132","-0.0458441804807219","0.520634295370924","0.0220924599236826","0.979231628860554","-0.0378468223585754","0.377562200812693","-0.0109971570875272","0.943802603237294","0.0750603803484124","0.63858907910327","-0.0837489240259191","0.674961269052847","-0.0771488585511931","0.556535680647482","Xenobiotics biodegradation and metabolism","Metabolism"
"WaitData.63","Glyoxylate and dicarboxylate metabolism","-0.0101862866702614","0.958439380690625","-0.0611416985981293","0.0218629805864059","0.0163259427607181","0.8612267696017","0.0197743038221896","0.572938457988069","0.0712054664419936","0.21587271642575","-0.0411217323999327","0.25658668888799","-0.0279196217894045","0.145014190504038","0.0188332834163848","0.407395669994705","0.0172472145504824","0.30897062203698","-0.00600549533445812","0.990743996798954","-0.0799653843535619","0.139536642168097","-0.00257934078915991","0.942385088842301","0.00960041102011834","0.815135458680902","0.0315527564731961","0.548452165466583","0.0580729465527722","0.473249846549148","-0.00745801380397421","0.880353177599476","Carbohydrate metabolism","Metabolism"
"WaitData.64","Bisphenol degradation","-0.15014659335732","0.348776819814173","-0.41340483226762","0.0183542103675607","0.0106765781219774","0.938186131894955","-0.0986721848273899","0.557331802997022","0.186774616910622","0.1111806126579","-0.1289327704991","0.00556389134630782","-0.142243503795123","0.0670415486078077","0.0450370137932957","0.582336241732108","-0.0617075220680586","0.708636301240942","-0.0374704796532635","0.724038829876831","-0.247372442124977","0.0282582407272222","-0.0486894988560812","0.619084191537011","0.0142182739795596","0.925325841723535","-0.128647089528932","0.254025017142434","0.246236680329901","0.0248104561906862","-0.200615426549914","0.583414716967218","Xenobiotics biodegradation and metabolism","Metabolism"
"WaitData.65","Fluorobenzoate degradation","0.0354353864333144","0.688426228958275","-0.240274933944606","0.0233720087287488","0.10939574411685","0.536666524625332","0.0131836295194143","0.815956562023318","0.370464769462717","0.015344686327546","-0.244767688363945","0.00297108209924693","-0.151211410482829","0.117063328268889","0.0999252003569641","0.386420393344437","0.022806113191002","0.733706414903534","0.011064690973472","0.847945205154699","-0.18226895730387","0.0470703216038015","0.0215759553199682","0.905697345693353","0.154869191282385","0.420266951855445","-0.000940340789627736","0.878181875037686","0.265255276458373","0.00197389835043545","0.0214695799906409","0.870286195196276","Xenobiotics biodegradation and metabolism","Metabolism"
"WaitData.67","Taurine and hypotaurine metabolism","-0.0288311679164178","0.852393880168523","-0.0913876362922334","0.117194687521232","-0.00370466315940668","0.964416238552183","-0.0729640562692381","0.491224455272553","0.0648769327670891","0.252919824328035","-0.0511003416074347","0.0709005343504323","-0.0486445449535569","0.0462679679611557","0.000253347953345235","0.880910677135549","-0.0444397497700836","0.356625224207083","-0.0392369526928728","0.319920585519715","-0.025066622138096","0.555987793700758","-0.0488966981780085","0.580588517879146","0.0500362475004291","0.117392289086757","0.00724380496044156","0.90038029270741","0.0392104835572623","0.542177946891542","0.0218104966502765","0.791934478396737","Metabolism of other amino acids","Metabolism"
"WaitData.68","ABC transporters","0.0494643905082367","0.0474245194336486","-0.112952191306937","0.00202540039129991","-0.0231189814392055","0.746379360524448","-0.0153793680536815","0.972504981513581","0.0422265785792069","0.303941514181682","-0.0277320548078338","0.491348416169545","-0.0533802695697425","0.0341277385030024","-0.00060232020567069","0.975729320421712","-0.0157162975070768","0.579747590892999","-0.0135340922924564","0.819007887594045","-0.0780105646947071","0.137991099078072","-0.00537440457518909","0.903227310557998","0.00794959054740709","0.935039555710742","-0.0443429729658335","0.240767526300698","0.0452043666313758","0.586915029056017","0.0802862929040737","0.368547003557275","Membrane transport","Environmental Information Processing"
"WaitData.70","Notch signaling pathway","0.29194048277597","0.230411345369852","-0.997220974063812","0.00506399959563003","0.395791562094296","0.364677908164863","-0.193180102812742","0.466665915448818","1.02096419509713","0.126028654654777","-1.07996421683078","0.0279348957184311","-0.512668415384323","0.257940724899078","0.355576953504134","0.360211338039166","-0.190607427251551","0.557877792442895","-0.0654302954361926","0.983376324088213","-0.107620933541785","0.915174525248195","-0.321191440386736","0.0204030982469369","0.650005064852245","0.876488783694747","0.0214162311266848","0.84247756240355","0.125744826464019","0.541040197184683","-0.202465596397125","0.823735553685651","Signal transduction","Environmental Information Processing"
"WaitData.71","Chlorocyclohexane and chlorobenzene degradation","-0.0305396429038629","0.866998280663947","-0.374302704065839","0.0232102700408724","0.108510702395399","0.624902138266664","-0.0141075548509326","0.926401486297739","0.386349344823764","0.0319541641009325","-0.275226199450819","0.00290677936439152","-0.18429349983594","0.0874058004840347","0.0807422891049135","0.51707628328095","-0.00011712967574033","0.926698109635394","-0.0444087243381766","0.77539138830141","-0.27374233507086","0.0257228765911248","0.00288288353492209","0.987704298115975","0.147625006096678","0.492456818219471","-0.0269410090635393","0.738015366883526","0.289154929606171","0.0176763877446964","0.0458800098582239","0.795269393974055","Xenobiotics biodegradation and metabolism","Metabolism"
"WaitData.72","Pentose and glucuronate interconversions","0.020872334483241","0.711080496926539","-0.0727238409761062","0.142200961585737","-0.0291190177600566","0.620362385332019","-0.0938154143593547","0.308158944262318","0.00189958796403463","0.729098045921858","-0.0201745837510066","0.524664482677498","-0.00983998235537473","0.327024659118268","0.0359582266251087","0.0485826723094867","-0.0187109661215461","0.760089584648592","0.00261579185190886","0.921007560845315","-3.81129789427315e-05","0.700557535422512","0.0224293617560588","0.816463058677549","0.0650588099022234","0.155867784905655","-0.0409709063986032","0.15160988011699","0.0606754661250521","0.526053678988536","0.126922363354471","0.164849872274579","Carbohydrate metabolism","Metabolism"
"WaitData.74","Benzoate degradation","-0.0318902982172311","0.759113236609758","-0.272525061030736","0.0023891772364983","0.0214107850037724","0.886937342152513","-0.0644343203514133","0.524988874805014","0.184766796578539","0.0431892229877203","-0.0888800862197848","0.0101780177012634","-0.116812532841457","0.0435856944709949","0.0478104329759573","0.532179840698956","-0.0227992271129751","0.780162390907978","-0.045998762403396","0.531835603648695","-0.215975328902996","0.00780918585157155","-0.0761562531261225","0.353921475233707","0.0603335849720021","0.47559461888599","-0.0218128858950888","0.518610580294007","0.131343074827258","0.15781029164642","0.0173119628024454","0.919034257009156","Xenobiotics biodegradation and metabolism","Metabolism"
"WaitData.75","Biosynthesis of unsaturated fatty acids","-0.00724787397206004","0.926317755932959","-0.039236321550751","0.0584459338767303","0.0262653613827726","0.779003931784201","0.0134615547340202","0.669755234234273","0.0425690342114661","0.373936238546933","-0.0334775186925127","0.251439688716778","-0.0224726756588897","0.194181492012799","0.0140646572265931","0.236155577184787","-0.0112122479581306","0.676528031365629","-0.00520420571337785","0.966491703035316","-0.0167254185908526","0.513448638690267","-0.0096920233746943","0.872905851884615","0.0181567259310223","0.378884959691526","0.00636663973112726","0.868268558665358","0.038462466340631","0.529183988191029","0.00363515050994536","0.991837696734939","Lipid metabolism","Metabolism"
"WaitData.76","Glycosphingolipid biosynthesis - globo and isoglobo series","0.11973132872586","0.607736779319557","-0.0320743606626207","0.643098476291381","0.0275426619272934","0.794046822089295","-0.337260080849268","0.126553960121048","-0.17699528666878","0.138214930533751","0.00713864834782944","0.986870983215051","0.194592026355995","0.00160132759145224","0.210412062217623","0.00327224684701387","0.0314080218807913","0.914657243624459","-0.000673810211431265","0.975935327794284","0.0573222017854137","0.635456358364127","-0.187980419687537","0.113844419260516","0.126600856981004","0.53453665896387","-0.118290914832664","0.10646591426605","0.230023697697981","0.0242437576385908","0.126940145284643","0.0966844198661889","Glycan biosynthesis and metabolism","Metabolism"
"WaitData.77","Geraniol degradation","-0.0261645294124565","0.955002236103554","-0.203466297703445","0.0379401391127554","0.0972901501244636","0.612252192430851","0.00149133794251733","0.809617418485001","0.209512856757577","0.0441207339618051","-0.101851383445721","0.00123955931302914","-0.0724556105768274","0.101079213107995","0.0977034047241643","0.171903017784116","-0.0387575348001828","0.62467627556899","-0.0762612528310229","0.472626022593176","-0.208371270669638","0.00232487324010557","-0.100109296133646","0.316254541600908","0.00183482626661581","0.984620987409986","-0.0120939690456141","0.850763638009622","0.127284759139158","0.0474436256965352","-0.0826598632232041","0.579766559536162","Metabolism of terpenoids and polyketides","Metabolism"
"WaitData.78","Valine, leucine and isoleucine degradation","-0.0218788833491252","0.813599206313639","-0.128040158946239","0.00440563323167556","0.0267686456288632","0.784945454262374","-0.0513231792337765","0.377994191042097","0.139152405013975","0.0544238761712437","-0.0402215151813297","0.113293768359356","-0.0446910020976661","0.0764328451835292","0.0537707531662198","0.12145532374281","-0.0274431838253107","0.405688405971412","-0.0659807479064503","0.253556515148127","-0.100641480868908","0.0856425310621391","-0.057042567778332","0.527009217700022","0.0412690306619942","0.215819107380736","0.0176826034244366","0.362196871610594","0.0638578642453815","0.404807734050127","0.00350384737298804","0.988503320853547","Amino acid metabolism","Metabolism"
"WaitData.82","Galactose metabolism","-0.0330601920675843","0.882268071133075","0.00941722419321013","0.780609062098647","-0.0373914973846227","0.68576015425444","-0.108684644986573","0.526431047835972","-0.0857179790200017","0.427168928753995","0.0568169935421714","0.576861736726719","0.0455656230866459","0.397658274113625","-0.0166385463548966","0.307161305072417","-0.0184226900429865","0.850435241290304","-0.0179986201487035","0.667160922609731","0.0679493423769553","0.530693801417887","-0.0393827427364455","0.579383905825426","0.0195497448846188","0.852901185043935","-0.0568392189780179","0.395197544733006","-0.0411297808683215","0.808887141612845","0.061860800396653","0.316167645221569","Carbohydrate metabolism","Metabolism"
"WaitData.84","Fructose and mannose metabolism","-0.0425548551823134","0.821606241458523","0.0126234798759445","0.776749571455602","-0.0507165210625363","0.635676448225706","-0.0608069188423951","0.760054013944437","-0.0828739506662092","0.431583780297229","0.0490660616235593","0.663007340985991","0.0205362838021822","0.790830114725799","-0.0169447165511611","0.427760850309983","-0.0183869040891216","0.851082301969808","-0.0241222133821156","0.222168973217165","0.0425448872384425","0.807418564415648","-0.0341926491804241","0.618818089612201","-0.00317958552391535","0.929681972838962","-0.0482638573515324","0.467361699633631","-0.0497878638920887","0.721684365762338","0.0399618709323798","0.487206609243769","Carbohydrate metabolism","Metabolism"
"WaitData.87","Calcium signaling pathway","0.297088346421749","0.998346929265233","0.833923911373356","0.0108806519588836","0.331314473830076","0.125918078426463","0.501657076078792","0.0385038635149604","-0.119232057249836","0.151858898834606","0.00291109789944317","0.874642786813084","0.505954564770601","0.0013118458734969","0.111369737333261","0.643277480529142","0.16278943110635","0.43110923667112","0.0857475619438018","0.711891818848255","0.159623689718858","0.574299317826267","0.38979827140365","0.182063541436333","-0.459534528228196","0.0599313838552344","-0.286140154915256","0.111764282113265","-0.109551158885867","0.915977764104023","-0.359199081936987","0.447031053722259","Signal transduction","Environmental Information Processing"
"WaitData.88","Tyrosine metabolism","0.018368428513434","0.581327180646835","-0.139050865329043","0.000493044388157309","0.0184231704877149","0.858977445591724","-0.0303377027548829","0.778477648798539","0.088513046557913","0.159675852526081","-0.0729476917684718","0.0738966897563061","-0.0605414539715794","0.0692475869230197","0.0218699906428671","0.486426259335681","-0.0217167047389485","0.247846262350557","-0.0334576363731547","0.551250154248987","-0.0947226279490829","0.0659955154839446","-0.0293418630243018","0.712714211118514","0.0313386273900623","0.505538467426444","-0.00973604055963654","0.0518907654083859","0.0934366876707619","0.204379012008589","0.00681409877999503","0.949905221881999","Amino acid metabolism","Metabolism"
"WaitData.89","Glutathione metabolism","0.0721495209060746","0.237397874672319","-0.0329297936991054","0.0511867094372001","0.0598120570146194","0.555914366372152","0.0473746853581212","0.302511536532183","0.101380394890432","0.13503336382308","-0.0841685623810305","0.0386818079405025","-0.0315104480273663","0.154359383247587","0.0548332122356507","0.167972892187859","0.00941151566759255","0.751502281811419","0.021403248766544","0.700995411619442","-0.0632652713685151","0.143482308754245","0.0368020176285487","0.735031679892956","-0.00786819691602064","0.821772233632863","0.0121476854613164","0.875307161488009","0.103767366271833","0.146511693254679","0.0077639124936846","0.95777489391168","Metabolism of other amino acids","Metabolism"
"WaitData.90","Styrene degradation","0.0147597559239942","0.868189127644917","-0.22388398545203","0.0660803807515608","0.0975301212922698","0.631244958679379","0.0107791011472035","0.867362435228108","0.334577620137649","0.0262337666305986","-0.228757934551389","0.000775434817973143","-0.162417381073207","0.0620884688678216","0.132029944248625","0.181252367755445","-0.0632778444870653","0.57032794446504","-0.0789359336504251","0.3799301466917","-0.175304269179145","0.00639338128473475","0.00614534297751382","0.949483048271529","0.116049811525249","0.510977942221099","-0.0549432422777361","0.540617783324277","0.255538883845075","0.0281037434260536","-0.0734648686827693","0.707099570461666","Xenobiotics biodegradation and metabolism","Metabolism"
"WaitData.91","Ethylbenzene degradation","0.22319451280173","0.00946487732667269","-0.0722839955659931","0.011763103827645","0.0478587946876985","0.634945435081849","0.0584607451017511","0.103900719478352","0.242808201361933","0.0230106691307909","-0.120732937052008","0.000410498853487706","-0.117675344413099","0.045844546310608","0.120570954816956","0.120597386151574","-0.00777976244706331","0.893982925482281","-0.00564445485374993","0.986181718392876","-0.0750309504036641","0.127745457828395","0.0368705751319743","0.736330061072932","0.0925318054267987","0.490433866971888","0.0055450080159174","0.993812008018171","0.0835745661467319","0.187452082976365","0.0263446542013371","0.814018146977226","Xenobiotics biodegradation and metabolism","Metabolism"
"WaitData.92","Propanoate metabolism","-0.0303693082278324","0.791450193789001","-0.0740871209901911","0.0497399364996551","-0.0113578150863144","0.874151583968734","-0.0352487438707514","0.808755727028795","0.0605419488342876","0.243069600646156","-0.00450807571357097","0.753223389441974","-0.0348056788155263","0.086937385128149","0.00667463953589001","0.538613873145839","-0.0164271480091485","0.307346213302461","-0.0364276066275047","0.324597340492257","-0.0468602595005054","0.307830123026852","-0.0293457822943664","0.686948828656351","0.0278760263625667","0.524105138137543","0.014591483588352","0.873996060413912","0.00953318034728866","0.815748783217512","0.00346118266735619","0.986658586868722","Carbohydrate metabolism","Metabolism"
"WaitData.94","Tropane, piperidine and pyridine alkaloid biosynthesis","-0.000223169902925005","0.877496383741019","-0.0330078746711212","0.175652807470869","-0.00982134867020944","0.887628994889524","-0.0209420904083041","0.994438428751733","-0.0294520156805493","0.887728674274272","0.00281946545081254","0.881340053341384","-0.00703592263479687","0.502981089896748","-0.00397915635385423","0.859529069308398","0.00701329241174107","0.617290437428174","0.00494214692105075","0.825663708254624","-0.0218903748006905","0.499381986705949","-0.00267004566164712","0.942574338471423","-0.00808688365699346","0.807996215557566","0.00991906081228066","0.988704473031033","0.0211445718470939","0.72367301505962","-0.00741103816281474","0.848112989644807","Biosynthesis of other secondary metabolites","Metabolism"
"WaitData.95","Two-component system","0.0602619889021017","0.484735981713437","0.0219813835045801","0.701417348143458","0.0280587733800066","0.798167543486293","0.0904317803888104","0.265512674117136","-0.00794418717147379","0.870606835869929","-0.0257470242787886","0.559844564742078","0.00431014843742508","0.778623869716133","0.0134335071218799","0.523673038989071","0.00484953381007997","0.81396742573784","0.0170301904319622","0.735739814812214","-0.0404949084164788","0.451051923208095","0.0118729329532076","0.934279753437655","-0.0534688985938216","0.187862671582282","-0.0220847853607374","0.496241681085445","0.00943862606948464","0.773984307049475","-0.0534970696699722","0.235141313909982","Signal transduction","Environmental Information Processing"
"WaitData.96","Primary bile acid biosynthesis","-0.204429600529924","0.596147208935272","-0.720630571899496","0.0323995278734847","-0.021770488988376","0.806971243375026","-0.101411796142597","0.881152436020752","0.184723135239367","0.245828525068537","-0.02187107963927","0.818246206936285","-0.239562807416737","0.0519658784265354","-0.0796424782709112","0.617540345187473","-0.0201855244061303","0.980628141219961","-0.131063066698594","0.70581565751204","-0.846762614137797","0.00112074333760986","-0.358850836526077","0.252136107904733","-0.0859327061008003","0.610974234261347","-0.187986106932117","0.292436790672271","0.21053899796185","0.074879824111033","-0.023264672541005","0.994788632074743","Lipid metabolism","Metabolism"
"WaitData.97","Betalain biosynthesis","-0.231585173980664","0.448584179001734","0.0466777128959862","0.97800829766656","0.10414140926045","0.43688454597151","-0.156798780514505","0.556261482829049","0.0718559446708173","0.55320871912072","0.143406410063005","0.00579294332593764","0.153027066236839","0.1369696012641","0.0487107832498211","0.515908881216012","-0.192833767094412","0.356619010953666","-0.0977151504881656","0.344163348751705","0.197750666805254","0.281241441066886","0.0592540325246281","0.735915014605679","0.114943822715888","0.48055857653708","0.0521612205265255","0.621322383968184","-0.107642999665071","0.613515900232045","0.0502530013196758","0.688515247142826","Biosynthesis of other secondary metabolites","Metabolism"
"WaitData.99","Metabolism of xenobiotics by cytochrome P450","0.112077442290628","0.46613980097916","-0.162095248922299","0.0982337673609223","0.103814400358919","0.586233941048452","0.0618055494705761","0.308086454491351","0.239039412932512","0.0532122759425755","-0.182169134469355","0.001688194713135","-0.101649819789796","0.0674727654855994","0.114243318355112","0.146928358737097","-0.029840283998927","0.796483145225819","-0.016935912450709","0.953850850159693","-0.155830110911735","0.0120541444469831","-0.000479837990841522","0.964795048456708","0.00822749260323416","0.943811403763867","0.0182838857484664","0.852447634848383","0.214458890157954","0.0372104432724561","-0.0176429692697467","0.915418652874098","Xenobiotics biodegradation and metabolism","Metabolism"
"WaitData.100","beta-Alanine metabolism","0.000611814482035212","0.791181204490568","-0.0883804339865372","0.00757778597378265","0.022479109281273","0.792862960512621","-0.0281263082787922","0.883204208597547","0.0917860053181155","0.127986923101438","-0.0293655860105916","0.360125135549126","-0.0420627195044304","0.0776172665575012","0.0360555166602496","0.160350825818757","-0.00801110974619656","0.765452312206783","-0.0216233570956649","0.67385663773687","-0.0700859334156364","0.114051022681277","-0.0253187778001552","0.731692939637617","0.0201991355969018","0.482868539813184","0.0105295597447308","0.878988882823626","0.0587402318843145","0.417155190543449","-0.00546136968093658","0.936817136886029","Metabolism of other amino acids","Metabolism"
"WaitData.102","Atrazine degradation","0.0841979255157494","0.810882905427516","-0.363444266698533","0.0948934779168069","0.14181310936146","0.644433271574188","-0.00828190330326452","0.920302446142893","0.247296815142132","0.219935397932464","-0.313243378275876","0.00511182603958914","-0.1390282669203","0.204686345498642","0.15732889582059","0.270025951113227","-0.127812538496564","0.468875895372444","-0.094654067715752","0.523296356960497","-0.3188458891103","0.00531707489157339","0.0164482007804465","0.92687462270478","0.00219346574180647","0.973499889267742","-0.192069739612295","0.481184068715367","0.28955137152446","0.0237130893422753","-0.00235814644370799","0.967485199589123","Xenobiotics biodegradation and metabolism","Metabolism"
"WaitData.111","Butanoate metabolism","-0.0272129304142711","0.858987360201731","-0.0965362602844703","0.00958843377531576","-0.0131403609563251","0.857758137684556","-0.0235458633204446","0.93162189779822","0.0873629141187839","0.126828784302269","-0.0188891263413286","0.559212779057123","-0.0528061818197632","0.0347988278124524","0.0174065154597122","0.396156782299384","-0.00725116865138936","0.775319550447626","-0.0405481830534543","0.393888299360217","-0.08670456586404","0.12331911119311","-0.0490412569844324","0.530436809295379","0.0321615259916362","0.265165502949023","0.0106095663604915","0.927309257575361","0.0244311527624085","0.699568801508467","0.0228433579871259","0.80473536166668","Carbohydrate metabolism","Metabolism"
"WaitData.113","Nitrogen metabolism","0.0473454960164651","0.487151267636525","0.00897045002102547","0.593093870304957","0.0128197280988727","0.901608324135018","0.0399176543282431","0.506279400576944","-0.00589776526524731","0.84999965571838","-0.0268935990505451","0.545584939130215","0.00338175112068852","0.721861890851105","0.0130968100673686","0.371532889413513","0.0229342221865661","0.386109208917288","0.0121851493838037","0.710181656211316","-0.0384112331759515","0.318013030602735","0.00840950674684882","0.952246941105043","-0.0203304098320136","0.638913042848369","-0.0365357547066702","0.32128173397046","0.0405502409037278","0.507683294722734","-0.04413692043436","0.466073074755991","Energy metabolism","Metabolism"
"WaitData.114","Cyanoamino acid metabolism","0.020154787341556","0.535090883242535","-0.0755557300275302","0.0679984848443766","0.0308578362034671","0.635806532685959","-0.0868135332830107","0.252090003503007","0.110081616575328","0.0862122084734405","-0.0555020626222926","0.100026330215364","-0.0299499856482782","0.169936420468592","0.0753363134266169","0.0756554258592309","-0.0224130244257654","0.444119273107058","-0.0270103133412588","0.434619510477602","-0.0331414759747125","0.260400578734245","0.00045110334684349","0.97326446762588","0.0642691387670125","0.274522189157422","-0.0457600783313869","0.206711200376425","0.102147958839256","0.204767020759165","0.0171788872722335","0.884244004876769","Metabolism of other amino acids","Metabolism"
"WaitData.117","Other glycan degradation","0.0441442292430107","0.740766192676788","0.0762724195413532","0.857915902035807","0.0874243471677389","0.543460082767263","-0.345027868276814","0.190500796882178","-0.210420791473017","0.117573438467543","0.0601633033945299","0.336514142536226","0.289528710938767","0.00385894183136302","0.304829727002959","0.00540342556962624","0.0702674522457494","0.777444361997281","0.0142234168748986","0.934901017599898","0.0588873071074957","0.629523812761024","-0.227965862603511","0.122204082969145","0.144059800348647","0.534589360138151","-0.14473901051663","0.099725634570744","0.32678403339006","0.0134093503902682","0.0290073903963301","0.710323924482154","Glycan biosynthesis and metabolism","Metabolism"
"WaitData.124","Drug metabolism - cytochrome P450","0.110794296936868","0.471938916241298","-0.147234925472334","0.10918657540025","0.101483981407183","0.580755585089427","0.0667090847708657","0.258205984300458","0.236171010186743","0.0494623553312797","-0.174693361518463","0.00193378098614364","-0.10098597752467","0.0649739425645516","0.112390728051329","0.147634027367109","-0.0335828153510498","0.776588982303042","-0.0148502902986226","0.967305302963409","-0.147191290485045","0.0151815234955099","0.00278267316885995","0.986391726264195","0.00380613004707576","0.983753099750585","0.00954248345412907","0.957845685825028","0.20729728360648","0.0380492339535817","-0.0232770167867819","0.887745765545029","Xenobiotics biodegradation and metabolism","Metabolism"
"WaitData.125","Jak-STAT signaling pathway","-0.355158124187477","0.525867727689124","-0.791777747195156","0.220848075739101","0.75226542919349","0.294811122281949","0.195984108891329","0.726761679116363","0.524896507444857","0.850827432622961","0.268585929452597","0.615186693166917","-0.720080042572074","0.167068786882858","0.0323545972150972","0.878184237051131","-2.34650787658167","0.0575462027201451","1.13230352847498","0.169456290856973","-1.91762539732893","0.0899346195157627","-0.213550405130541","0.59674423349846","0.224396100789801","0.612066963773716","0.213688360318618","0.483026082803194","0.230292302829672","0.731789402533747","-0.288360313241652","0.918877885779424","Signal transduction","Environmental Information Processing"
"WaitData.126","Steroid hormone biosynthesis","-0.365187692669346","0.417255997940859","-0.3827986431045","0.0571921084514916","-0.10182625046529","0.341531085286086","-0.377615444844218","0.0219629108130723","-0.0270900732089341","0.929229663304672","-0.117064892661406","0.260726537512409","-0.0270083050664594","0.439660788191498","-0.050634702089405","0.461699933130898","-0.175635788182755","0.392015326782265","-0.119917622121891","0.335502888703588","0.081732780823011","0.640060583774067","-0.0965347774211493","0.503628006530878","0.107313106721555","0.499755506590712","0.120645621123048","0.529907332734794","-0.112480590777299","0.347412238466489","0.0104036300615481","0.831291474045069","Lipid metabolism","Metabolism"
"WaitData.128","Arginine and proline metabolism","0.00328211262955845","0.839448013310547","-0.0291084775497535","0.304718076090239","-0.00184363822211868","0.977513199875145","-0.053740437816928","0.708104913308617","0.00674059149954284","0.676766045003337","0.000503867788046205","0.835185615044748","-0.00723560123817155","0.445345692504462","0.0177918312870805","0.0117934296355277","-0.0276968484898677","0.524660640301744","-0.0277224979161115","0.252683381160932","0.00600701043548812","0.790668194361155","-0.00818387955450056","0.885719211779842","0.02269607193834","0.588793920068607","-0.0163279791321665","0.570942127914181","0.0133736678997925","0.780533375638587","0.0207530258400832","0.737171548678669","Amino acid metabolism","Metabolism"
"WaitData.129","Neuroactive ligand-receptor interaction","0.209752101493286","0.887235802043208","0.883860471567886","0.0747230416102955","1.04690880933747","0.10752241048714","0.153318592611808","0.918926543461072","-0.251587724980833","0.433428331138476","0.194204548093412","0.680951072194772","0.0821292427546091","0.62971238958176","-0.0814581590052458","0.793898034798925","-0.386606728221556","0.277092666355382","0.381512974384315","0.0435187284358303","-0.258530779804726","0.496178875094627","0.325656788000719","0.221505185170328","0.724725589572021","0.0476493404070524","0.828561268666919","0.00151906172857915","-0.0403886454006211","0.916828256942171","0.395942345516797","0.0861602725323523","Signaling molecules and interaction","Environmental Information Processing"
"WaitData.132","Carotenoid biosynthesis","0.158548191829499","0.00832153791305321","0.00893961881309247","0.704966225021577","0.112074509991593","0.351919825707806","0.18032485167705","0.036106228307811","0.155842107017213","0.0820673399694685","-0.0751729392927792","0.0220323150353656","-0.0236634422205208","0.178221362117447","0.0548413872275276","0.189734647307453","0.000170226922509395","0.952876614318261","0.104380013522296","0.437059456018546","-0.0319210921775588","0.262536542276178","0.060074108079314","0.559587171504905","0.0498821392173869","0.556857949862679","0.034060782668101","0.678021265357704","0.123123282987334","0.157660062942622","0.0226608855482148","0.83610512696286","Metabolism of terpenoids and polyketides","Metabolism"
"WaitData.134","Indole alkaloid biosynthesis","-0.270799402880522","0.411329328288415","0.0511445479672688","0.992040069485059","0.110245099549058","0.402203499402188","-0.161937291080949","0.555183250846348","0.0712004299633272","0.563074917949888","0.153640755587649","0.00724605739819482","0.184615609416145","0.0842355671434163","0.0704159507414842","0.451478548033554","-0.19353493658558","0.36005865452816","-0.0931986843568986","0.348570354560593","0.200085024017534","0.278747729411651","0.0619421155964137","0.726357137914981","0.116328960317255","0.476141406581544","0.0822779709426378","0.598262879541992","-0.124385174159465","0.556539802293484","0.0393954451571834","0.820322316783406","Biosynthesis of other secondary metabolites","Metabolism"
"WaitData.137","D-Arginine and D-ornithine metabolism","0.252772419550873","0.252816397794604","0.221423077107821","0.0213573562067917","0.131060881858553","0.193670180657249","0.319849836179607","0.0650405231598744","0.0446773804821243","0.453071691178675","-0.138880684828447","0.0919105436718491","0.0711027975396711","0.331371582602084","0.0734662637333809","0.17920187315116","0.187723095051519","0.12727897311695","0.243852823216647","0.174058477510976","0.00283289062466999","0.8535405877635","0.244062569327841","0.132915631675276","-0.114226226842137","0.215077426739811","0.0860140937278023","0.441347382870312","0.172305041781581","0.0352562232724795","-0.188442962706331","0.0797345377182969","Metabolism of other amino acids","Metabolism"
"WaitData.144","MAPK signaling pathway - yeast","0.139909020257896","0.216882356275108","-0.0262063913702022","0.253222753844479","0.0689724426299966","0.601851856107112","0.0952865882403106","0.207863429597909","0.0265778249915364","0.645061106472035","-0.118748762786327","0.0400373800901076","0.0086005587713078","0.900336983522258","0.129756879539229","0.0975617955165677","0.047181070962993","0.526855528659202","0.0139644410765015","0.817126704616669","-0.141299115648271","0.0508335478476205","-0.00619345991753416","0.930138324514141","-0.0673465747855209","0.569639805621841","-0.0427807414007884","0.156203768049826","0.0675947443469701","0.114536672566805","-0.0684345952619066","0.19557186591245","Signal transduction","Environmental Information Processing"
"WaitData.145","Flavone and flavonol biosynthesis","-0.0800980048864365","0.731255303580088","-0.508764461093796","0.0175051080052144","-0.082025063857486","0.66935242481605","-0.354030081456348","0.0142868061346929","-0.105746534090384","0.719400905192558","-0.0155263228408118","0.66785846801406","-0.00243852186305335","0.804743074692594","-0.172237871451772","0.0261799416167523","-0.104082363908819","0.656864000648341","0.0515606485450671","0.752060258571258","-0.120398673132403","0.43812951900665","-0.406676327755452","0.0070052059316981","0.263236940714038","0.151472846139105","-0.0706227538643611","0.607553621535283","-0.0731735331576543","0.589775752128118","0.350470387647635","0.181631932350813","Biosynthesis of other secondary metabolites","Metabolism"
"WaitData.147","Wnt signaling pathway","0.29194048277597","0.230411345369852","-0.997220974063812","0.00506399959563003","0.395791562094296","0.364677908164863","-0.193180102812742","0.466665915448818","1.02096419509713","0.126028654654777","-1.07996421683078","0.0279348957184311","-0.512668415384323","0.257940724899078","0.355576953504134","0.360211338039166","-0.190607427251551","0.557877792442895","-0.0654302954361926","0.983376324088213","-0.107620933541785","0.915174525248195","-0.321191440386736","0.0204030982469369","0.650005064852245","0.876488783694747","0.0214162311266848","0.84247756240355","0.125744826464019","0.541040197184683","-0.202465596397125","0.823735553685651","Signal transduction","Environmental Information Processing"
"WaitData.151","Biosynthesis of type II polyketide products","Inf","0.0875793076761492","1.93778470686622","0.692753510012959","0.955246327227754","0.333968551185223",NA,NA,"1.66493195421677","0.354718297564745","0.927692118996215","0.351108338820625","-0.7916663587473","0.655845619353098","0.545311545442861","0.933803705575305",NA,NA,NA,NA,NA,NA,NA,NA,"-2.05437365073142","0.154779542859851","3.62863323257779","0.00989045981560324","-0.419892898877755","0.834197261676098","-2.18621910370145","0.430862111717632","Metabolism of terpenoids and polyketides","Metabolism"
